<channel version="3.12.0">
  <id>245f57fb-9d0b-42ca-9048-2a067273763f</id>
  <nextMetaDataId>2</nextMetaDataId>
  <name>HL7_Consumer</name>
  <description></description>
  <revision>1</revision>
  <sourceConnector version="3.12.0">
    <metaDataId>0</metaDataId>
    <name>sourceConnector</name>
    <properties class="com.mirth.connect.connectors.vm.VmReceiverProperties" version="3.12.0">
      <pluginProperties/>
      <sourceConnectorProperties version="3.12.0">
        <responseVariable>None</responseVariable>
        <respondAfterProcessing>true</respondAfterProcessing>
        <processBatch>false</processBatch>
        <firstResponse>false</firstResponse>
        <processingThreads>1</processingThreads>
        <resourceIds class="linked-hash-map">
          <entry>
            <string>Default Resource</string>
            <string>[Default Resource]</string>
          </entry>
        </resourceIds>
        <queueBufferSize>1000</queueBufferSize>
      </sourceConnectorProperties>
    </properties>
    <transformer version="3.12.0">
      <elements/>
      <inboundDataType>HL7V2</inboundDataType>
      <outboundDataType>HL7V2</outboundDataType>
      <inboundProperties class="com.mirth.connect.plugins.datatypes.hl7v2.HL7v2DataTypeProperties" version="3.12.0">
        <serializationProperties class="com.mirth.connect.plugins.datatypes.hl7v2.HL7v2SerializationProperties" version="3.12.0">
          <handleRepetitions>true</handleRepetitions>
          <handleSubcomponents>true</handleSubcomponents>
          <useStrictParser>false</useStrictParser>
          <useStrictValidation>false</useStrictValidation>
          <stripNamespaces>false</stripNamespaces>
          <segmentDelimiter>\r</segmentDelimiter>
          <convertLineBreaks>true</convertLineBreaks>
        </serializationProperties>
        <deserializationProperties class="com.mirth.connect.plugins.datatypes.hl7v2.HL7v2DeserializationProperties" version="3.12.0">
          <useStrictParser>false</useStrictParser>
          <useStrictValidation>false</useStrictValidation>
          <segmentDelimiter>\r</segmentDelimiter>
        </deserializationProperties>
        <batchProperties class="com.mirth.connect.plugins.datatypes.hl7v2.HL7v2BatchProperties" version="3.12.0">
          <splitType>MSH_Segment</splitType>
          <batchScript></batchScript>
        </batchProperties>
        <responseGenerationProperties class="com.mirth.connect.plugins.datatypes.hl7v2.HL7v2ResponseGenerationProperties" version="3.12.0">
          <segmentDelimiter>\r</segmentDelimiter>
          <successfulACKCode>AA</successfulACKCode>
          <successfulACKMessage></successfulACKMessage>
          <errorACKCode>AE</errorACKCode>
          <errorACKMessage>An Error Occurred Processing Message.</errorACKMessage>
          <rejectedACKCode>AR</rejectedACKCode>
          <rejectedACKMessage>Message Rejected.</rejectedACKMessage>
          <msh15ACKAccept>false</msh15ACKAccept>
          <dateFormat>yyyyMMddHHmmss.SSS</dateFormat>
        </responseGenerationProperties>
        <responseValidationProperties class="com.mirth.connect.plugins.datatypes.hl7v2.HL7v2ResponseValidationProperties" version="3.12.0">
          <successfulACKCode>AA,CA</successfulACKCode>
          <errorACKCode>AE,CE</errorACKCode>
          <rejectedACKCode>AR,CR</rejectedACKCode>
          <validateMessageControlId>true</validateMessageControlId>
          <originalMessageControlId>Destination_Encoded</originalMessageControlId>
          <originalIdMapVariable></originalIdMapVariable>
        </responseValidationProperties>
      </inboundProperties>
      <outboundProperties class="com.mirth.connect.plugins.datatypes.hl7v2.HL7v2DataTypeProperties" version="3.12.0">
        <serializationProperties class="com.mirth.connect.plugins.datatypes.hl7v2.HL7v2SerializationProperties" version="3.12.0">
          <handleRepetitions>true</handleRepetitions>
          <handleSubcomponents>true</handleSubcomponents>
          <useStrictParser>false</useStrictParser>
          <useStrictValidation>false</useStrictValidation>
          <stripNamespaces>false</stripNamespaces>
          <segmentDelimiter>\r</segmentDelimiter>
          <convertLineBreaks>true</convertLineBreaks>
        </serializationProperties>
        <deserializationProperties class="com.mirth.connect.plugins.datatypes.hl7v2.HL7v2DeserializationProperties" version="3.12.0">
          <useStrictParser>false</useStrictParser>
          <useStrictValidation>false</useStrictValidation>
          <segmentDelimiter>\r</segmentDelimiter>
        </deserializationProperties>
        <batchProperties class="com.mirth.connect.plugins.datatypes.hl7v2.HL7v2BatchProperties" version="3.12.0">
          <splitType>MSH_Segment</splitType>
          <batchScript></batchScript>
        </batchProperties>
        <responseGenerationProperties class="com.mirth.connect.plugins.datatypes.hl7v2.HL7v2ResponseGenerationProperties" version="3.12.0">
          <segmentDelimiter>\r</segmentDelimiter>
          <successfulACKCode>AA</successfulACKCode>
          <successfulACKMessage></successfulACKMessage>
          <errorACKCode>AE</errorACKCode>
          <errorACKMessage>An Error Occurred Processing Message.</errorACKMessage>
          <rejectedACKCode>AR</rejectedACKCode>
          <rejectedACKMessage>Message Rejected.</rejectedACKMessage>
          <msh15ACKAccept>false</msh15ACKAccept>
          <dateFormat>yyyyMMddHHmmss.SSS</dateFormat>
        </responseGenerationProperties>
        <responseValidationProperties class="com.mirth.connect.plugins.datatypes.hl7v2.HL7v2ResponseValidationProperties" version="3.12.0">
          <successfulACKCode>AA,CA</successfulACKCode>
          <errorACKCode>AE,CE</errorACKCode>
          <rejectedACKCode>AR,CR</rejectedACKCode>
          <validateMessageControlId>true</validateMessageControlId>
          <originalMessageControlId>Destination_Encoded</originalMessageControlId>
          <originalIdMapVariable></originalIdMapVariable>
        </responseValidationProperties>
      </outboundProperties>
    </transformer>
    <filter version="3.12.0">
      <elements/>
    </filter>
    <transportName>Channel Reader</transportName>
    <mode>SOURCE</mode>
    <enabled>true</enabled>
    <waitForPrevious>true</waitForPrevious>
  </sourceConnector>
  <destinationConnectors>
    <connector version="3.12.0">
      <metaDataId>1</metaDataId>
      <name>Destination 1</name>
      <properties class="com.mirth.connect.connectors.vm.VmDispatcherProperties" version="3.12.0">
        <pluginProperties/>
        <destinationConnectorProperties version="3.12.0">
          <queueEnabled>false</queueEnabled>
          <sendFirst>false</sendFirst>
          <retryIntervalMillis>10000</retryIntervalMillis>
          <regenerateTemplate>false</regenerateTemplate>
          <retryCount>0</retryCount>
          <rotate>false</rotate>
          <includeFilterTransformer>false</includeFilterTransformer>
          <threadCount>1</threadCount>
          <threadAssignmentVariable></threadAssignmentVariable>
          <validateResponse>false</validateResponse>
          <resourceIds class="linked-hash-map">
            <entry>
              <string>Default Resource</string>
              <string>[Default Resource]</string>
            </entry>
          </resourceIds>
          <queueBufferSize>1000</queueBufferSize>
          <reattachAttachments>true</reattachAttachments>
        </destinationConnectorProperties>
        <channelId>none</channelId>
        <channelTemplate>${message.encodedData}</channelTemplate>
        <mapVariables/>
      </properties>
      <transformer version="3.12.0">
        <elements/>
        <inboundDataType>HL7V2</inboundDataType>
        <outboundDataType>HL7V2</outboundDataType>
        <inboundProperties class="com.mirth.connect.plugins.datatypes.hl7v2.HL7v2DataTypeProperties" version="3.12.0">
          <serializationProperties class="com.mirth.connect.plugins.datatypes.hl7v2.HL7v2SerializationProperties" version="3.12.0">
            <handleRepetitions>true</handleRepetitions>
            <handleSubcomponents>true</handleSubcomponents>
            <useStrictParser>false</useStrictParser>
            <useStrictValidation>false</useStrictValidation>
            <stripNamespaces>false</stripNamespaces>
            <segmentDelimiter>\r</segmentDelimiter>
            <convertLineBreaks>true</convertLineBreaks>
          </serializationProperties>
          <deserializationProperties class="com.mirth.connect.plugins.datatypes.hl7v2.HL7v2DeserializationProperties" version="3.12.0">
            <useStrictParser>false</useStrictParser>
            <useStrictValidation>false</useStrictValidation>
            <segmentDelimiter>\r</segmentDelimiter>
          </deserializationProperties>
          <batchProperties class="com.mirth.connect.plugins.datatypes.hl7v2.HL7v2BatchProperties" version="3.12.0">
            <splitType>MSH_Segment</splitType>
            <batchScript></batchScript>
          </batchProperties>
          <responseGenerationProperties class="com.mirth.connect.plugins.datatypes.hl7v2.HL7v2ResponseGenerationProperties" version="3.12.0">
            <segmentDelimiter>\r</segmentDelimiter>
            <successfulACKCode>AA</successfulACKCode>
            <successfulACKMessage></successfulACKMessage>
            <errorACKCode>AE</errorACKCode>
            <errorACKMessage>An Error Occurred Processing Message.</errorACKMessage>
            <rejectedACKCode>AR</rejectedACKCode>
            <rejectedACKMessage>Message Rejected.</rejectedACKMessage>
            <msh15ACKAccept>false</msh15ACKAccept>
            <dateFormat>yyyyMMddHHmmss.SSS</dateFormat>
          </responseGenerationProperties>
          <responseValidationProperties class="com.mirth.connect.plugins.datatypes.hl7v2.HL7v2ResponseValidationProperties" version="3.12.0">
            <successfulACKCode>AA,CA</successfulACKCode>
            <errorACKCode>AE,CE</errorACKCode>
            <rejectedACKCode>AR,CR</rejectedACKCode>
            <validateMessageControlId>true</validateMessageControlId>
            <originalMessageControlId>Destination_Encoded</originalMessageControlId>
            <originalIdMapVariable></originalIdMapVariable>
          </responseValidationProperties>
        </inboundProperties>
        <outboundProperties class="com.mirth.connect.plugins.datatypes.hl7v2.HL7v2DataTypeProperties" version="3.12.0">
          <serializationProperties class="com.mirth.connect.plugins.datatypes.hl7v2.HL7v2SerializationProperties" version="3.12.0">
            <handleRepetitions>true</handleRepetitions>
            <handleSubcomponents>true</handleSubcomponents>
            <useStrictParser>false</useStrictParser>
            <useStrictValidation>false</useStrictValidation>
            <stripNamespaces>false</stripNamespaces>
            <segmentDelimiter>\r</segmentDelimiter>
            <convertLineBreaks>true</convertLineBreaks>
          </serializationProperties>
          <deserializationProperties class="com.mirth.connect.plugins.datatypes.hl7v2.HL7v2DeserializationProperties" version="3.12.0">
            <useStrictParser>false</useStrictParser>
            <useStrictValidation>false</useStrictValidation>
            <segmentDelimiter>\r</segmentDelimiter>
          </deserializationProperties>
          <batchProperties class="com.mirth.connect.plugins.datatypes.hl7v2.HL7v2BatchProperties" version="3.12.0">
            <splitType>MSH_Segment</splitType>
            <batchScript></batchScript>
          </batchProperties>
          <responseGenerationProperties class="com.mirth.connect.plugins.datatypes.hl7v2.HL7v2ResponseGenerationProperties" version="3.12.0">
            <segmentDelimiter>\r</segmentDelimiter>
            <successfulACKCode>AA</successfulACKCode>
            <successfulACKMessage></successfulACKMessage>
            <errorACKCode>AE</errorACKCode>
            <errorACKMessage>An Error Occurred Processing Message.</errorACKMessage>
            <rejectedACKCode>AR</rejectedACKCode>
            <rejectedACKMessage>Message Rejected.</rejectedACKMessage>
            <msh15ACKAccept>false</msh15ACKAccept>
            <dateFormat>yyyyMMddHHmmss.SSS</dateFormat>
          </responseGenerationProperties>
          <responseValidationProperties class="com.mirth.connect.plugins.datatypes.hl7v2.HL7v2ResponseValidationProperties" version="3.12.0">
            <successfulACKCode>AA,CA</successfulACKCode>
            <errorACKCode>AE,CE</errorACKCode>
            <rejectedACKCode>AR,CR</rejectedACKCode>
            <validateMessageControlId>true</validateMessageControlId>
            <originalMessageControlId>Destination_Encoded</originalMessageControlId>
            <originalIdMapVariable></originalIdMapVariable>
          </responseValidationProperties>
        </outboundProperties>
      </transformer>
      <responseTransformer version="3.12.0">
        <elements/>
        <inboundDataType>HL7V2</inboundDataType>
        <outboundDataType>HL7V2</outboundDataType>
        <inboundProperties class="com.mirth.connect.plugins.datatypes.hl7v2.HL7v2DataTypeProperties" version="3.12.0">
          <serializationProperties class="com.mirth.connect.plugins.datatypes.hl7v2.HL7v2SerializationProperties" version="3.12.0">
            <handleRepetitions>true</handleRepetitions>
            <handleSubcomponents>true</handleSubcomponents>
            <useStrictParser>false</useStrictParser>
            <useStrictValidation>false</useStrictValidation>
            <stripNamespaces>false</stripNamespaces>
            <segmentDelimiter>\r</segmentDelimiter>
            <convertLineBreaks>true</convertLineBreaks>
          </serializationProperties>
          <deserializationProperties class="com.mirth.connect.plugins.datatypes.hl7v2.HL7v2DeserializationProperties" version="3.12.0">
            <useStrictParser>false</useStrictParser>
            <useStrictValidation>false</useStrictValidation>
            <segmentDelimiter>\r</segmentDelimiter>
          </deserializationProperties>
          <batchProperties class="com.mirth.connect.plugins.datatypes.hl7v2.HL7v2BatchProperties" version="3.12.0">
            <splitType>MSH_Segment</splitType>
            <batchScript></batchScript>
          </batchProperties>
          <responseGenerationProperties class="com.mirth.connect.plugins.datatypes.hl7v2.HL7v2ResponseGenerationProperties" version="3.12.0">
            <segmentDelimiter>\r</segmentDelimiter>
            <successfulACKCode>AA</successfulACKCode>
            <successfulACKMessage></successfulACKMessage>
            <errorACKCode>AE</errorACKCode>
            <errorACKMessage>An Error Occurred Processing Message.</errorACKMessage>
            <rejectedACKCode>AR</rejectedACKCode>
            <rejectedACKMessage>Message Rejected.</rejectedACKMessage>
            <msh15ACKAccept>false</msh15ACKAccept>
            <dateFormat>yyyyMMddHHmmss.SSS</dateFormat>
          </responseGenerationProperties>
          <responseValidationProperties class="com.mirth.connect.plugins.datatypes.hl7v2.HL7v2ResponseValidationProperties" version="3.12.0">
            <successfulACKCode>AA,CA</successfulACKCode>
            <errorACKCode>AE,CE</errorACKCode>
            <rejectedACKCode>AR,CR</rejectedACKCode>
            <validateMessageControlId>true</validateMessageControlId>
            <originalMessageControlId>Destination_Encoded</originalMessageControlId>
            <originalIdMapVariable></originalIdMapVariable>
          </responseValidationProperties>
        </inboundProperties>
        <outboundProperties class="com.mirth.connect.plugins.datatypes.hl7v2.HL7v2DataTypeProperties" version="3.12.0">
          <serializationProperties class="com.mirth.connect.plugins.datatypes.hl7v2.HL7v2SerializationProperties" version="3.12.0">
            <handleRepetitions>true</handleRepetitions>
            <handleSubcomponents>true</handleSubcomponents>
            <useStrictParser>false</useStrictParser>
            <useStrictValidation>false</useStrictValidation>
            <stripNamespaces>false</stripNamespaces>
            <segmentDelimiter>\r</segmentDelimiter>
            <convertLineBreaks>true</convertLineBreaks>
          </serializationProperties>
          <deserializationProperties class="com.mirth.connect.plugins.datatypes.hl7v2.HL7v2DeserializationProperties" version="3.12.0">
            <useStrictParser>false</useStrictParser>
            <useStrictValidation>false</useStrictValidation>
            <segmentDelimiter>\r</segmentDelimiter>
          </deserializationProperties>
          <batchProperties class="com.mirth.connect.plugins.datatypes.hl7v2.HL7v2BatchProperties" version="3.12.0">
            <splitType>MSH_Segment</splitType>
            <batchScript></batchScript>
          </batchProperties>
          <responseGenerationProperties class="com.mirth.connect.plugins.datatypes.hl7v2.HL7v2ResponseGenerationProperties" version="3.12.0">
            <segmentDelimiter>\r</segmentDelimiter>
            <successfulACKCode>AA</successfulACKCode>
            <successfulACKMessage></successfulACKMessage>
            <errorACKCode>AE</errorACKCode>
            <errorACKMessage>An Error Occurred Processing Message.</errorACKMessage>
            <rejectedACKCode>AR</rejectedACKCode>
            <rejectedACKMessage>Message Rejected.</rejectedACKMessage>
            <msh15ACKAccept>false</msh15ACKAccept>
            <dateFormat>yyyyMMddHHmmss.SSS</dateFormat>
          </responseGenerationProperties>
          <responseValidationProperties class="com.mirth.connect.plugins.datatypes.hl7v2.HL7v2ResponseValidationProperties" version="3.12.0">
            <successfulACKCode>AA,CA</successfulACKCode>
            <errorACKCode>AE,CE</errorACKCode>
            <rejectedACKCode>AR,CR</rejectedACKCode>
            <validateMessageControlId>true</validateMessageControlId>
            <originalMessageControlId>Destination_Encoded</originalMessageControlId>
            <originalIdMapVariable></originalIdMapVariable>
          </responseValidationProperties>
        </outboundProperties>
      </responseTransformer>
      <filter version="3.12.0">
        <elements/>
      </filter>
      <transportName>Channel Writer</transportName>
      <mode>DESTINATION</mode>
      <enabled>true</enabled>
      <waitForPrevious>true</waitForPrevious>
    </connector>
  </destinationConnectors>
  <preprocessingScript>// Modify the message variable below to pre process data
return message;</preprocessingScript>
  <postprocessingScript>// This script executes once after a message has been processed
// Responses returned from here will be stored as &quot;Postprocessor&quot; in the response map
return;</postprocessingScript>
  <deployScript>// This script executes once when the channel is deployed
// You only have access to the globalMap and globalChannelMap here to persist data
return;</deployScript>
  <undeployScript>// This script executes once when the channel is undeployed
// You only have access to the globalMap and globalChannelMap here to persist data
return;</undeployScript>
  <properties version="3.12.0">
    <clearGlobalChannelMap>true</clearGlobalChannelMap>
    <messageStorageMode>DEVELOPMENT</messageStorageMode>
    <encryptData>false</encryptData>
    <removeContentOnCompletion>false</removeContentOnCompletion>
    <removeOnlyFilteredOnCompletion>false</removeOnlyFilteredOnCompletion>
    <removeAttachmentsOnCompletion>false</removeAttachmentsOnCompletion>
    <initialState>STARTED</initialState>
    <storeAttachments>true</storeAttachments>
    <metaDataColumns>
      <metaDataColumn>
        <name>SOURCE</name>
        <type>STRING</type>
        <mappingName>mirth_source</mappingName>
      </metaDataColumn>
      <metaDataColumn>
        <name>TYPE</name>
        <type>STRING</type>
        <mappingName>mirth_type</mappingName>
      </metaDataColumn>
    </metaDataColumns>
    <attachmentProperties version="3.12.0">
      <type>None</type>
      <properties/>
    </attachmentProperties>
    <resourceIds class="linked-hash-map">
      <entry>
        <string>Default Resource</string>
        <string>[Default Resource]</string>
      </entry>
    </resourceIds>
  </properties>
  <exportData>
    <metadata>
      <enabled>true</enabled>
      <lastModified>
        <time>1727900234601</time>
        <timezone>America/New_York</timezone>
      </lastModified>
      <pruningSettings>
        <archiveEnabled>true</archiveEnabled>
        <pruneErroredMessages>false</pruneErroredMessages>
      </pruningSettings>
    </metadata>
  </exportData>
</channel>